{
  "network": {
    "N": 100000,
    "m": 10,
    "seed": 4849,
    "mean_degree": 19.998,
    "mean_k_sq": 1186.43098,
    "kappa_observed": 58.32748174817482,
    "num_edges": 999900
  },
  "problem": {
    "num_vars": 3,
    "names": [
      "tau",
      "gamma",
      "rho"
    ],
    "bounds": [
      [
        0.0005,
        0.024
      ],
      [
        0.007,
        0.5
      ],
      [
        0.001,
        0.01
      ]
    ],
    "sample_scaled": true
  },
  "sobol_n": 500,
  "sobol_indices": {
    "peak_infected_frac": {
      "output_label": "Peak infected fraction  I/N",
      "parameters": [
        "tau",
        "gamma",
        "rho"
      ],
      "S1": [
        0.15606646231224214,
        0.7541956320630138,
        0.00042334295586990894
      ],
      "S1_conf": [
        0.06408156193384298,
        0.1393777147603235,
        0.0015106476225936365
      ],
      "ST": [
        0.2819288768428031,
        0.8354930268385359,
        0.00019607030183887544
      ],
      "ST_conf": [
        0.06967007643040465,
        0.1141759764994029,
        4.108263572476898e-05
      ],
      "interaction": [
        0.12586241453056096,
        0.08129739477552211,
        0.0
      ]
    },
    "final_attack_rate": {
      "output_label": "Final attack rate  R(\u221e)/N",
      "parameters": [
        "tau",
        "gamma",
        "rho"
      ],
      "S1": [
        0.33900838010053264,
        0.5747104565954954,
        -0.00026978391503165353
      ],
      "S1_conf": [
        0.07291020119475068,
        0.10065485199602818,
        0.002515100027040821
      ],
      "ST": [
        0.4380614882038865,
        0.6409325814447028,
        0.0003920601542787164
      ],
      "ST_conf": [
        0.06473996739781546,
        0.0729601706913155,
        7.793309663082396e-05
      ],
      "interaction": [
        0.09905310810335388,
        0.06622212484920742,
        0.0006618440693103699
      ]
    },
    "peak_time": {
      "output_label": "Time to peak  (days)",
      "parameters": [
        "tau",
        "gamma",
        "rho"
      ],
      "S1": [
        0.023405074968663467,
        0.2896342432777026,
        0.006612155547626192
      ],
      "S1_conf": [
        0.11321050629360507,
        0.14495865775219285,
        0.03304021556846839
      ],
      "ST": [
        0.7158144463115337,
        1.0439226480636494,
        0.2573141150914663
      ],
      "ST_conf": [
        0.24069366503137773,
        0.3171441013570913,
        0.26236857720294227
      ],
      "interaction": [
        0.6924093713428702,
        0.7542884047859468,
        0.2507019595438401
      ]
    },
    "epidemic_occurred": {
      "output_label": "Epidemic probability",
      "parameters": [
        "tau",
        "gamma",
        "rho"
      ],
      "S1": [
        0.43245914805547847,
        0.011243937849442437,
        0.018344505194658106
      ],
      "S1_conf": [
        0.17985673468683072,
        0.08413275329944424,
        0.062273870887927775
      ],
      "ST": [
        0.9472914671691433,
        0.5251289654959381,
        0.38097591614411197
      ],
      "ST_conf": [
        0.14393731356349027,
        0.12907691554085024,
        0.11483083228965636
      ],
      "interaction": [
        0.5148323191136648,
        0.5138850276464957,
        0.36263141094945384
      ]
    },
    "growth_rate": {
      "output_label": "Early growth rate  r",
      "parameters": [
        "tau",
        "gamma",
        "rho"
      ],
      "S1": [
        0.7454772590014266,
        0.16912420926408228,
        -0.0030573578602581877
      ],
      "S1_conf": [
        0.09250867110125117,
        0.046672959176338354,
        0.024025434521676634
      ],
      "ST": [
        0.8432465298576144,
        0.23214010927606615,
        0.08700060219255472
      ],
      "ST_conf": [
        0.10287053356233675,
        0.03484675505826457,
        0.07159652969855944
      ],
      "interaction": [
        0.0977692708561878,
        0.06301590001198387,
        0.09005796005281291
      ]
    }
  }
}