{
  "results": [
    {
      "replicate_id": 1,
      "seed": 42,
      "best_epoch": 31,
      "best_val_r2": 0.9954632520675659,
      "best_val_mae": 1465.3927001953125,
      "best_val_mae_i": 437.7707214355469,
      "best_val_mae_s": 2044.41162109375,
      "best_val_mae_r": 1911.994140625,
      "training_time_minutes": 1.6790499567985535,
      "model_filename": "best_balanced_mlp_model_1.pt",
      "output_dir": "replicates_outputs"
    },
    {
      "replicate_id": 2,
      "seed": 123,
      "best_epoch": 25,
      "best_val_r2": 0.9956670999526978,
      "best_val_mae": 1411.3199462890625,
      "best_val_mae_i": 444.88140869140625,
      "best_val_mae_s": 1963.651611328125,
      "best_val_mae_r": 1845.72119140625,
      "training_time_minutes": 1.6887970050175984,
      "model_filename": "best_balanced_mlp_model_2.pt",
      "output_dir": "replicates_outputs"
    },
    {
      "replicate_id": 3,
      "seed": 456,
      "best_epoch": 32,
      "best_val_r2": 0.995330274105072,
      "best_val_mae": 1424.22705078125,
      "best_val_mae_i": 446.32562255859375,
      "best_val_mae_s": 1992.9093017578125,
      "best_val_mae_r": 1887.15771484375,
      "training_time_minutes": 1.6817518989245097,
      "model_filename": "best_balanced_mlp_model_3.pt",
      "output_dir": "replicates_outputs"
    }
  ],
  "statistics": {
    "best_val_r2": {
      "values": [
        0.9954632520675659,
        0.9956670999526978,
        0.995330274105072
      ],
      "n": 3,
      "mean": 0.9954868753751119,
      "std": 0.00016965098998165983,
      "sem": 9.794804473419781e-05,
      "ci_lower": 0.995065438953068,
      "ci_upper": 0.9959083117971559,
      "min": 0.995330274105072,
      "max": 0.9956670999526978,
      "median": 0.9954632520675659,
      "cv": 0.017042011720921305
    },
    "best_val_mae": {
      "values": [
        1465.3927001953125,
        1411.3199462890625,
        1424.22705078125
      ],
      "n": 3,
      "mean": 1433.6465657552083,
      "std": 28.24023947331073,
      "sem": 16.304509861895447,
      "ci_lower": 1363.493921891566,
      "ci_upper": 1503.7992096188505,
      "min": 1411.3199462890625,
      "max": 1465.3927001953125,
      "median": 1424.22705078125,
      "cv": 1.969818792711612
    },
    "best_val_mae_i": {
      "values": [
        437.7707214355469,
        444.88140869140625,
        446.32562255859375
      ],
      "n": 3,
      "mean": 442.9925842285156,
      "std": 4.579555294456845,
      "sem": 2.644007482023435,
      "ci_lower": 431.61633821865047,
      "ci_upper": 454.3688302383808,
      "min": 437.7707214355469,
      "max": 446.32562255859375,
      "median": 444.88140869140625,
      "cv": 1.0337769654614586
    },
    "best_val_mae_s": {
      "values": [
        2044.41162109375,
        1963.651611328125,
        1992.9093017578125
      ],
      "n": 3,
      "mean": 2000.3241780598958,
      "std": 40.88740744125701,
      "sem": 23.606355692675645,
      "ci_lower": 1898.7542273006268,
      "ci_upper": 2101.8941288191645,
      "min": 1963.651611328125,
      "max": 2044.41162109375,
      "median": 1992.9093017578125,
      "cv": 2.0440390557551273
    },
    "best_val_mae_r": {
      "values": [
        1911.994140625,
        1845.72119140625,
        1887.15771484375
      ],
      "n": 3,
      "mean": 1881.6243489583333,
      "std": 33.481182073728725,
      "sem": 19.330369483054152,
      "ci_lower": 1798.4524819360354,
      "ci_upper": 1964.7962159806311,
      "min": 1845.72119140625,
      "max": 1911.994140625,
      "median": 1887.15771484375,
      "cv": 1.7793765313604653
    },
    "training_time_minutes": {
      "values": [
        1.6790499567985535,
        1.6887970050175984,
        1.6817518989245097
      ],
      "n": 3,
      "mean": 1.6831996202468875,
      "std": 0.005032212238821669,
      "sem": 0.0029053490907030204,
      "ci_lower": 1.670698912051054,
      "ci_upper": 1.695700328442721,
      "min": 1.6790499567985535,
      "max": 1.6887970050175984,
      "median": 1.6817518989245097,
      "cv": 0.2989670493202438
    }
  },
  "config": {
    "n_params": 3,
    "n_fourier": 64,
    "sigma": 1.0,
    "fusion_hidden": 128,
    "latent_dim": 64,
    "decoder_hidden": 64,
    "dropout": 0.3,
    "n_knots": 7,
    "n_timepoints": 80,
    "total_population": 100000,
    "epochs": 50,
    "batch_size": 35,
    "lr": 6e-05,
    "weight_decay": 0.001,
    "patience": 35
  },
  "weight_mode": "modest"
}