{
  "results": [
    {
      "replicate_id": 1,
      "seed": 42,
      "best_epoch": 1,
      "best_val_r2": -12500.76953125,
      "best_val_mae": 33003.41015625,
      "best_val_mae_i": 452.788330078125,
      "best_val_mae_s": 15427.3203125,
      "best_val_mae_r": 84375.7421875,
      "training_time_minutes": 0.7338357845942179,
      "model_filename": "best_balanced_mlp_model_1.pt",
      "output_dir": "experiments\\mcmc-sampling\\out\\trained-models"
    },
    {
      "replicate_id": 2,
      "seed": 123,
      "best_epoch": 1,
      "best_val_r2": -12782.0361328125,
      "best_val_mae": 33006.3203125,
      "best_val_mae_i": 454.0401611328125,
      "best_val_mae_s": 15419.982421875,
      "best_val_mae_r": 84381.5234375,
      "training_time_minutes": 0.6213224530220032,
      "model_filename": "best_balanced_mlp_model_2.pt",
      "output_dir": "experiments\\mcmc-sampling\\out\\trained-models"
    }
  ],
  "statistics": {
    "best_val_r2": {
      "values": [
        -12500.76953125,
        -12782.0361328125
      ],
      "n": 2,
      "mean": -12641.40283203125,
      "std": 198.88552128613853,
      "sem": 140.63330078124997,
      "ci_lower": -14428.318344518048,
      "ci_upper": -10854.487319544452,
      "min": -12782.0361328125,
      "max": -12500.76953125,
      "median": -12641.40283203125,
      "cv": -1.5732867936317567
    },
    "best_val_mae": {
      "values": [
        33003.41015625,
        33006.3203125
      ],
      "n": 2,
      "mean": 33004.865234375,
      "std": 2.057791218687414,
      "sem": 1.455078125,
      "ci_lower": 32986.376713811245,
      "ci_upper": 33023.353754938755,
      "min": 33003.41015625,
      "max": 33006.3203125,
      "median": 33004.865234375,
      "cv": 0.006234811759037869
    },
    "best_val_mae_i": {
      "values": [
        452.788330078125,
        454.0401611328125
      ],
      "n": 2,
      "mean": 453.41424560546875,
      "std": 0.8851782276694391,
      "sem": 0.62591552734375,
      "ci_lower": 445.4612347673272,
      "ci_upper": 461.3672564436103,
      "min": 452.788330078125,
      "max": 454.0401611328125,
      "median": 453.41424560546875,
      "cv": 0.19522505881733213
    },
    "best_val_mae_s": {
      "values": [
        15427.3203125,
        15419.982421875
      ],
      "n": 2,
      "mean": 15423.6513671875,
      "std": 5.188672220542694,
      "sem": 3.6689453125,
      "ci_lower": 15377.032996880102,
      "ci_upper": 15470.269737494898,
      "min": 15419.982421875,
      "max": 15427.3203125,
      "median": 15423.6513671875,
      "cv": 0.033641010789320296
    },
    "best_val_mae_r": {
      "values": [
        84375.7421875,
        84381.5234375
      ],
      "n": 2,
      "mean": 84378.6328125,
      "std": 4.087961078734728,
      "sem": 2.890625,
      "ci_lower": 84341.90393943375,
      "ci_upper": 84415.36168556625,
      "min": 84375.7421875,
      "max": 84381.5234375,
      "median": 84378.6328125,
      "cv": 0.004844782313336002
    },
    "training_time_minutes": {
      "values": [
        0.7338357845942179,
        0.6213224530220032
      ],
      "n": 2,
      "mean": 0.6775791188081106,
      "std": 0.07955893972860353,
      "sem": 0.05625666578610738,
      "ci_lower": -0.037229594459204374,
      "ci_upper": 1.3923878320754257,
      "min": 0.6213224530220032,
      "max": 0.7338357845942179,
      "median": 0.6775791188081106,
      "cv": 11.74164573851552
    }
  },
  "config": {
    "n_params": 3,
    "n_fourier": 64,
    "sigma": 1.0,
    "fusion_hidden": 128,
    "latent_dim": 64,
    "decoder_hidden": 64,
    "dropout": 0.3,
    "n_knots": 8,
    "n_timepoints": 80,
    "total_population": 100000,
    "epochs": 50,
    "batch_size": 35,
    "lr": 6e-05,
    "weight_decay": 0.001,
    "patience": 35
  },
  "weight_mode": "modest"
}