replicate_id,seed,best_epoch,best_val_r2,best_val_mae,best_val_mae_i,best_val_mae_s,best_val_mae_r,training_time_minutes,model_filename,output_dir
1,42,50,0.9753601551055908,526.2769775390625,87.46797943115234,755.3267211914062,736.0361938476562,1.6679599086443584,best_balanced_mlp_model_1.pt,experiments\mcmc-sampling\out\trained-models
2,123,50,0.9707991480827332,545.07666015625,93.01791381835938,782.5090942382812,759.7027587890625,1.5143507877985636,best_balanced_mlp_model_2.pt,experiments\mcmc-sampling\out\trained-models
3,456,50,0.9623668193817139,809.8974609375,109.00970458984375,1181.57177734375,1139.111328125,1.6578695058822632,best_balanced_mlp_model_3.pt,experiments\mcmc-sampling\out\trained-models
4,789,50,0.9704590439796448,563.0398559570312,94.76551055908203,808.1061401367188,786.2477416992188,1.7171961108843485,best_balanced_mlp_model_4.pt,experiments\mcmc-sampling\out\trained-models
5,1011,50,0.9655868411064148,798.408935546875,105.98823547363281,1159.276611328125,1129.96142578125,1.7692476987838746,best_balanced_mlp_model_5.pt,experiments\mcmc-sampling\out\trained-models
