replicate_id,seed,best_epoch,best_val_r2,best_val_mae,best_val_mae_i,best_val_mae_s,best_val_mae_r,training_time_minutes,model_filename,output_dir
1,42,50,0.9139170050621033,4377.45654296875,1767.1524658203125,5697.8662109375,5667.3505859375,0.15852556228637696,best_balanced_mlp_model_1.pt,experiments\lhs-sampling\out\trained-models
2,123,50,0.9203281998634338,4741.65576171875,1677.7030029296875,6279.3115234375,6267.9541015625,0.1575278162956238,best_balanced_mlp_model_2.pt,experiments\lhs-sampling\out\trained-models
3,456,50,0.9124912619590759,5158.31982421875,1741.4029541015625,6928.56396484375,6804.9931640625,0.15899359782536823,best_balanced_mlp_model_3.pt,experiments\lhs-sampling\out\trained-models
4,789,50,0.9249536991119385,5996.24658203125,1670.8582763671875,8210.0849609375,8107.7978515625,0.16497254769007366,best_balanced_mlp_model_4.pt,experiments\lhs-sampling\out\trained-models
5,1011,50,0.9122132658958435,5335.451171875,1866.8809814453125,7178.96484375,6960.5078125,0.16097178061803183,best_balanced_mlp_model_5.pt,experiments\lhs-sampling\out\trained-models
