{
  "results": [
    {
      "replicate_id": 1,
      "seed": 42,
      "best_epoch": 47,
      "best_val_r2": 0.9781022071838379,
      "best_val_mae": 3722.300537109375,
      "best_val_mae_i": 1453.2877197265625,
      "best_val_mae_s": 4918.8359375,
      "best_val_mae_r": 4808.5390625,
      "training_time_minutes": 0.16398027340571086,
      "model_filename": "best_balanced_mlp_model_1.pt",
      "output_dir": "experiments\\lhs-sampling\\out\\trained-models"
    },
    {
      "replicate_id": 2,
      "seed": 123,
      "best_epoch": 50,
      "best_val_r2": 0.9757344126701355,
      "best_val_mae": 3982.35107421875,
      "best_val_mae_i": 1429.1597900390625,
      "best_val_mae_s": 5319.68115234375,
      "best_val_mae_r": 5198.21240234375,
      "training_time_minutes": 0.16907045841217042,
      "model_filename": "best_balanced_mlp_model_2.pt",
      "output_dir": "experiments\\lhs-sampling\\out\\trained-models"
    }
  ],
  "statistics": {
    "best_val_r2": {
      "values": [
        0.9781022071838379,
        0.9757344126701355
      ],
      "n": 2,
      "mean": 0.9769183099269867,
      "std": 0.0016742835570952655,
      "sem": 0.0011838972568511963,
      "ci_lower": 0.961875468994535,
      "ci_upper": 0.9919611508594384,
      "min": 0.9757344126701355,
      "max": 0.9781022071838379,
      "median": 0.9769183099269867,
      "cv": 0.17138419252479756
    },
    "best_val_mae": {
      "values": [
        3722.300537109375,
        3982.35107421875
      ],
      "n": 2,
      "mean": 3852.3258056640625,
      "std": 183.883498241243,
      "sem": 130.0252685546875,
      "ci_lower": 2200.198122498637,
      "ci_upper": 5504.4534888294875,
      "min": 3722.300537109375,
      "max": 3982.35107421875,
      "median": 3852.3258056640625,
      "cv": 4.773311176611274
    },
    "best_val_mae_i": {
      "values": [
        1453.2877197265625,
        1429.1597900390625
      ],
      "n": 2,
      "mean": 1441.2237548828125,
      "std": 17.061022698023468,
      "sem": 12.06396484375,
      "ci_lower": 1287.936547645006,
      "ci_upper": 1594.510962120619,
      "min": 1429.1597900390625,
      "max": 1453.2877197265625,
      "median": 1441.2237548828125,
      "cv": 1.1837872252813872
    },
    "best_val_mae_s": {
      "values": [
        4918.8359375,
        5319.68115234375
      ],
      "n": 2,
      "mean": 5119.258544921875,
      "std": 283.44036962219417,
      "sem": 200.422607421875,
      "ci_lower": 2572.6478612099763,
      "ci_upper": 7665.869228633774,
      "min": 4918.8359375,
      "max": 5319.68115234375,
      "median": 5119.258544921875,
      "cv": 5.536746525595139
    },
    "best_val_mae_r": {
      "values": [
        4808.5390625,
        5198.21240234375
      ],
      "n": 2,
      "mean": 5003.375732421875,
      "std": 275.5406610511257,
      "sem": 194.836669921875,
      "ci_lower": 2527.74111422989,
      "ci_upper": 7479.01035061386,
      "min": 4808.5390625,
      "max": 5198.21240234375,
      "median": 5003.375732421875,
      "cv": 5.507095125109678
    },
    "training_time_minutes": {
      "values": [
        0.16398027340571086,
        0.16907045841217042
      ],
      "n": 2,
      "mean": 0.16652536590894063,
      "std": 0.0035993043355616395,
      "sem": 0.0025450925032297757,
      "ci_lower": 0.13418689948974463,
      "ci_upper": 0.19886383232813662,
      "min": 0.16398027340571086,
      "max": 0.16907045841217042,
      "median": 0.16652536590894063,
      "cv": 2.16141505885044
    }
  },
  "config": {
    "n_params": 3,
    "n_fourier": 64,
    "sigma": 1.0,
    "fusion_hidden": 128,
    "latent_dim": 64,
    "decoder_hidden": 64,
    "dropout": 0.3,
    "n_knots": 8,
    "n_timepoints": 80,
    "total_population": 100000,
    "epochs": 50,
    "batch_size": 35,
    "lr": 6e-05,
    "weight_decay": 0.001,
    "patience": 35
  },
  "weight_mode": "modest"
}