{
  "results": [
    {
      "replicate_id": 1,
      "seed": 42,
      "best_epoch": 48,
      "best_val_r2": 0.9809058308601379,
      "best_val_mae": 3349.477783203125,
      "best_val_mae_i": 1240.407958984375,
      "best_val_mae_s": 4493.095703125,
      "best_val_mae_r": 4325.685546875,
      "training_time_minutes": 0.15390586455663044,
      "model_filename": "best_balanced_mlp_model_1.pt",
      "output_dir": "experiments\\random-sampling\\out\\trained-models"
    },
    {
      "replicate_id": 2,
      "seed": 123,
      "best_epoch": 50,
      "best_val_r2": 0.9795427918434143,
      "best_val_mae": 3464.373291015625,
      "best_val_mae_i": 1185.710693359375,
      "best_val_mae_s": 4687.70751953125,
      "best_val_mae_r": 4519.701171875,
      "training_time_minutes": 0.1425744891166687,
      "model_filename": "best_balanced_mlp_model_2.pt",
      "output_dir": "experiments\\random-sampling\\out\\trained-models"
    }
  ],
  "statistics": {
    "best_val_r2": {
      "values": [
        0.9809058308601379,
        0.9795427918434143
      ],
      "n": 2,
      "mean": 0.9802243113517761,
      "std": 0.0009638141317471247,
      "sem": 0.0006815195083618164,
      "ci_lower": 0.9715647849466583,
      "ci_upper": 0.9888838377568939,
      "min": 0.9795427918434143,
      "max": 0.9809058308601379,
      "median": 0.9802243113517761,
      "cv": 0.0983258750660835
    },
    "best_val_mae": {
      "values": [
        3349.477783203125,
        3464.373291015625
      ],
      "n": 2,
      "mean": 3406.925537109375,
      "std": 81.2433927020907,
      "sem": 57.44775390625,
      "ci_lower": 2676.982614328396,
      "ci_upper": 4136.868459890355,
      "min": 3349.477783203125,
      "max": 3464.373291015625,
      "median": 3406.925537109375,
      "cv": 2.3846541938519183
    },
    "best_val_mae_i": {
      "values": [
        1240.407958984375,
        1185.710693359375
      ],
      "n": 2,
      "mean": 1213.059326171875,
      "std": 38.67680743579934,
      "sem": 27.348632812499996,
      "ci_lower": 865.5619983947454,
      "ci_upper": 1560.5566539490046,
      "min": 1185.710693359375,
      "max": 1240.407958984375,
      "median": 1213.059326171875,
      "cv": 3.1883689941079876
    },
    "best_val_mae_s": {
      "values": [
        4493.095703125,
        4687.70751953125
      ],
      "n": 2,
      "mean": 4590.401611328125,
      "std": 137.61133507989078,
      "sem": 97.305908203125,
      "ci_lower": 3354.0128196347514,
      "ci_upper": 5826.790403021499,
      "min": 4493.095703125,
      "max": 4687.70751953125,
      "median": 4590.401611328125,
      "cv": 2.997806003298177
    },
    "best_val_mae_r": {
      "values": [
        4325.685546875,
        4519.701171875
      ],
      "n": 2,
      "mean": 4422.693359375,
      "std": 137.18976409364626,
      "sem": 97.0078125,
      "ci_lower": 3190.0922327165836,
      "ci_upper": 5655.294486033416,
      "min": 4325.685546875,
      "max": 4519.701171875,
      "median": 4422.693359375,
      "cv": 3.1019506202671363
    },
    "training_time_minutes": {
      "values": [
        0.15390586455663044,
        0.1425744891166687
      ],
      "n": 2,
      "mean": 0.14824017683664958,
      "std": 0.008012492413767643,
      "sem": 0.005665687719980868,
      "ci_lower": 0.07625078869388352,
      "ci_upper": 0.22022956497941565,
      "min": 0.1425744891166687,
      "max": 0.15390586455663044,
      "median": 0.14824017683664958,
      "cv": 5.405074781175453
    }
  },
  "config": {
    "n_params": 3,
    "n_fourier": 64,
    "sigma": 1.0,
    "fusion_hidden": 128,
    "latent_dim": 64,
    "decoder_hidden": 64,
    "dropout": 0.3,
    "n_knots": 8,
    "n_timepoints": 80,
    "total_population": 100000,
    "epochs": 50,
    "batch_size": 35,
    "lr": 6e-05,
    "weight_decay": 0.001,
    "patience": 35
  },
  "weight_mode": "modest"
}