replicate_id,seed,best_epoch,best_val_r2,best_val_mae,best_val_mae_i,best_val_mae_s,best_val_mae_r,training_time_minutes,model_filename,output_dir
1,42,50,0.920697808265686,3856.16943359375,1493.6485595703125,5117.951171875,4956.90869140625,0.12297774155934652,best_balanced_mlp_model_1.pt,experiments\random-sampling\out\trained-models
2,123,50,0.9255783557891846,4192.06103515625,1407.4056396484375,5659.869140625,5508.9091796875,0.14213980436325074,best_balanced_mlp_model_2.pt,experiments\random-sampling\out\trained-models
3,456,50,0.9175951480865479,4474.80419921875,1460.111328125,6115.91064453125,5848.38916015625,0.14524808327356975,best_balanced_mlp_model_3.pt,experiments\random-sampling\out\trained-models
4,789,50,0.9242730140686035,5491.26318359375,1444.984130859375,7640.1435546875,7388.66064453125,0.14955494403839112,best_balanced_mlp_model_4.pt,experiments\random-sampling\out\trained-models
5,1011,50,0.9199250936508179,4689.2451171875,1553.7723388671875,6473.3955078125,6040.5654296875,0.16880171696345012,best_balanced_mlp_model_5.pt,experiments\random-sampling\out\trained-models
